43697;5;31-05-2011
43697;9;31-05-2011
43702;5;01-06-2011
43702;9;01-06-2011
43703;5;01-06-2011
43703;9;01-06-2011
43706;5;02-06-2011
43706;9;02-06-2011
43707;5;02-06-2011
43707;9;02-06-2011
43709;5;02-06-2011
43709;9;02-06-2011
43710;5;02-06-2011
43710;9;02-06-2011
43711;5;03-06-2011
43711;9;03-06-2011
43712;5;03-06-2011
43712;9;03-06-2011
43713;5;04-06-2011
43713;9;04-06-2011
43714;5;04-06-2011
43714;9;04-06-2011
43715;5;04-06-2011
43715;9;04-06-2011
43716;5;04-06-2011
43716;9;04-06-2011
43718;5;05-06-2011
43718;9;05-06-2011
43719;5;05-06-2011
43719;9;05-06-2011
43720;5;05-06-2011
43720;9;05-06-2011
43721;5;05-06-2011
43721;9;05-06-2011
43722;5;06-06-2011
43722;9;06-06-2011
43724;5;06-06-2011
43724;9;06-06-2011
43725;5;07-06-2011
43725;9;07-06-2011
43727;5;07-06-2011
43727;9;07-06-2011
43728;5;08-06-2011
43728;9;08-06-2011
43731;5;08-06-2011
43731;9;08-06-2011
43733;5;08-06-2011
43733;9;08-06-2011
43734;5;09-06-2011
43734;9;09-06-2011
43735;5;09-06-2011
43735;9;09-06-2011
43737;5;10-06-2011
43737;9;10-06-2011
43738;5;10-06-2011
43738;9;10-06-2011
43739;5;10-06-2011
43739;9;10-06-2011
43740;5;10-06-2011
43740;9;10-06-2011
43741;5;11-06-2011
43741;9;11-06-2011
43742;5;11-06-2011
43742;9;11-06-2011
43744;5;11-06-2011
43744;9;11-06-2011
43745;5;12-06-2011
43745;9;12-06-2011
43746;5;12-06-2011
43746;9;12-06-2011
43747;5;13-06-2011
43747;9;13-06-2011
43748;5;13-06-2011
43748;9;13-06-2011
43749;5;13-06-2011
43749;9;13-06-2011
43750;5;13-06-2011
43750;9;13-06-2011
43751;5;13-06-2011
43751;9;13-06-2011
43752;5;13-06-2011
43752;9;13-06-2011
43753;5;13-06-2011
43753;9;13-06-2011
43754;5;14-06-2011
43754;9;14-06-2011
43755;5;14-06-2011
43755;9;14-06-2011
43758;5;15-06-2011
43758;9;15-06-2011
43759;5;15-06-2011
43759;9;15-06-2011
43760;5;15-06-2011
43760;9;15-06-2011
43761;5;15-06-2011
43761;9;15-06-2011
43762;5;16-06-2011
43762;9;16-06-2011
43763;5;16-06-2011
43763;9;16-06-2011
43764;5;16-06-2011
43764;9;16-06-2011
43766;5;17-06-2011
43766;9;17-06-2011
43768;5;18-06-2011
43768;9;18-06-2011
43769;5;18-06-2011
43769;9;18-06-2011
43770;5;18-06-2011
43770;9;18-06-2011
43772;5;18-06-2011
43772;9;18-06-2011
43773;5;18-06-2011
43773;9;18-06-2011
43774;5;18-06-2011
43774;9;18-06-2011
43776;5;19-06-2011
43776;9;19-06-2011
43777;5;19-06-2011
43777;9;19-06-2011
43780;5;20-06-2011
43780;9;20-06-2011
43781;5;20-06-2011
43781;9;20-06-2011
43782;5;20-06-2011
43782;9;20-06-2011
43783;5;20-06-2011
43783;9;20-06-2011
43784;5;21-06-2011
43784;9;21-06-2011
43785;5;21-06-2011
43785;9;21-06-2011
43786;5;21-06-2011
43786;9;21-06-2011
43791;5;21-06-2011
43791;9;21-06-2011
43792;5;21-06-2011
43792;9;21-06-2011
43795;5;22-06-2011
43795;9;22-06-2011
43797;5;22-06-2011
43797;9;22-06-2011
43798;5;22-06-2011
43798;9;22-06-2011
43799;5;22-06-2011
43799;9;22-06-2011
43800;5;23-06-2011
43800;9;23-06-2011
43801;5;23-06-2011
43801;9;23-06-2011
43802;5;23-06-2011
43802;9;23-06-2011
43803;5;24-06-2011
43803;9;24-06-2011
43804;5;24-06-2011
43804;9;24-06-2011
43806;5;24-06-2011
43806;9;24-06-2011
43807;5;25-06-2011
43807;9;25-06-2011
43808;5;25-06-2011
43808;9;25-06-2011
43809;5;25-06-2011
43809;9;25-06-2011
43812;5;26-06-2011
43812;9;26-06-2011
43815;5;26-06-2011
43815;9;26-06-2011
43816;5;26-06-2011
43816;9;26-06-2011
43817;5;26-06-2011
43817;9;26-06-2011
43818;5;26-06-2011
43818;9;26-06-2011
43820;5;27-06-2011
43820;9;27-06-2011
43821;5;27-06-2011
43821;9;27-06-2011
43822;5;27-06-2011
43822;9;27-06-2011
43825;5;27-06-2011
43825;9;27-06-2011
43828;5;28-06-2011
43828;9;28-06-2011
43829;5;28-06-2011
43829;9;28-06-2011
43830;5;28-06-2011
43830;9;28-06-2011
43832;5;28-06-2011
43832;9;28-06-2011
43833;5;29-06-2011
43833;9;29-06-2011
43838;5;30-06-2011
43838;9;30-06-2011
43839;5;30-06-2011
43839;9;30-06-2011
43841;5;30-06-2011
43841;9;30-06-2011
43842;5;30-06-2011
43842;9;30-06-2011
43918;5;01-07-2011
43918;9;01-07-2011
43919;5;01-07-2011
43919;9;01-07-2011
43920;5;01-07-2011
43920;9;01-07-2011
43921;5;01-07-2011
43921;9;01-07-2011
43922;5;01-07-2011
43922;9;01-07-2011
43923;5;02-07-2011
43923;9;02-07-2011
43924;5;02-07-2011
43924;9;02-07-2011
43925;5;02-07-2011
43925;9;02-07-2011
43927;5;03-07-2011
43927;9;03-07-2011
43928;5;03-07-2011
43928;9;03-07-2011
43930;5;04-07-2011
43930;9;04-07-2011
43931;5;04-07-2011
43931;9;04-07-2011
43932;5;04-07-2011
43932;9;04-07-2011
43936;5;05-07-2011
43936;9;05-07-2011
43937;5;05-07-2011
43937;9;05-07-2011
43938;5;05-07-2011
43938;9;05-07-2011
43939;5;05-07-2011
43939;9;05-07-2011
43941;5;06-07-2011
43941;9;06-07-2011
43942;5;06-07-2011
43942;9;06-07-2011
43945;5;06-07-2011
43945;9;06-07-2011
43946;5;06-07-2011
43946;9;06-07-2011
43947;5;06-07-2011
43947;9;06-07-2011
43949;5;07-07-2011
43949;9;07-07-2011
43950;5;07-07-2011
43950;9;07-07-2011
43951;5;07-07-2011
43951;9;07-07-2011
43952;5;07-07-2011
43952;9;07-07-2011
43954;5;08-07-2011
43954;9;08-07-2011
43955;5;08-07-2011
43955;9;08-07-2011
43957;5;09-07-2011
43957;9;09-07-2011
43958;5;09-07-2011
43958;9;09-07-2011
43961;5;10-07-2011
43961;9;10-07-2011
43962;5;10-07-2011
43962;9;10-07-2011
43963;5;10-07-2011
43963;9;10-07-2011
43964;5;10-07-2011
43964;9;10-07-2011
43967;5;11-07-2011
43967;9;11-07-2011
43968;5;11-07-2011
43968;9;11-07-2011
43969;5;11-07-2011
43969;9;11-07-2011
43970;5;11-07-2011
43970;9;11-07-2011
43971;5;11-07-2011
43971;9;11-07-2011
43972;5;12-07-2011
43972;9;12-07-2011
43973;5;12-07-2011
43973;9;12-07-2011
43974;5;12-07-2011
43974;9;12-07-2011
43975;5;12-07-2011
43975;9;12-07-2011
43976;5;12-07-2011
43976;9;12-07-2011
43977;5;12-07-2011
43977;9;12-07-2011
43978;5;13-07-2011
43978;9;13-07-2011
43981;5;13-07-2011
43981;9;13-07-2011
43983;5;14-07-2011
43983;9;14-07-2011
43984;5;14-07-2011
43984;9;14-07-2011
43985;5;14-07-2011
43985;9;14-07-2011
43986;5;14-07-2011
43986;9;14-07-2011
43987;5;15-07-2011
43987;9;15-07-2011
43989;5;15-07-2011
43989;9;15-07-2011
43991;5;15-07-2011
43991;9;15-07-2011
43992;5;15-07-2011
43992;9;15-07-2011
43993;5;17-07-2011
43993;9;17-07-2011
43994;5;18-07-2011
43994;9;18-07-2011
43995;5;18-07-2011
43995;9;18-07-2011
43996;5;18-07-2011
43996;9;18-07-2011
43997;5;18-07-2011
43997;9;18-07-2011
43999;5;18-07-2011
43999;9;18-07-2011
44000;5;19-07-2011
44000;9;19-07-2011
44001;5;19-07-2011
44001;9;19-07-2011
44004;5;19-07-2011
44004;9;19-07-2011
44006;5;19-07-2011
44006;9;19-07-2011
44008;5;20-07-2011
44008;9;20-07-2011
44009;5;20-07-2011
44009;9;20-07-2011
44010;5;20-07-2011
44010;9;20-07-2011
44011;5;20-07-2011
44011;9;20-07-2011
44013;5;20-07-2011
44013;9;20-07-2011
44014;5;21-07-2011
44014;9;21-07-2011
44015;5;21-07-2011
44015;9;21-07-2011
44017;5;21-07-2011
44017;9;21-07-2011
44019;5;21-07-2011
44019;9;21-07-2011
44020;5;21-07-2011
44020;9;21-07-2011
44022;5;22-07-2011
44022;9;22-07-2011
44024;5;22-07-2011
44024;9;22-07-2011
44025;5;22-07-2011
44025;9;22-07-2011
44026;5;22-07-2011
44026;9;22-07-2011
44027;5;23-07-2011
44027;9;23-07-2011
44028;5;23-07-2011
44028;9;23-07-2011
44030;5;24-07-2011
44030;9;24-07-2011
44031;5;24-07-2011
44031;9;24-07-2011
44033;5;24-07-2011
44033;9;24-07-2011
44034;5;24-07-2011
44034;9;24-07-2011
44035;5;24-07-2011
44035;9;24-07-2011
44036;5;24-07-2011
44036;9;24-07-2011
44041;5;25-07-2011
44041;9;25-07-2011
44042;5;26-07-2011
44042;9;26-07-2011
44043;5;26-07-2011
44043;9;26-07-2011
44044;5;26-07-2011
44044;9;26-07-2011
44046;5;26-07-2011
44046;9;26-07-2011
44048;5;26-07-2011
44048;9;26-07-2011
44049;5;27-07-2011
44049;9;27-07-2011
44050;5;27-07-2011
44050;9;27-07-2011
44051;5;28-07-2011
44051;9;28-07-2011
44052;5;28-07-2011
44052;9;28-07-2011
44054;5;29-07-2011
44054;9;29-07-2011
44055;5;29-07-2011
44055;9;29-07-2011
44056;5;29-07-2011
44056;9;29-07-2011
44059;5;29-07-2011
44059;9;29-07-2011
44061;5;30-07-2011
44061;9;30-07-2011
44062;5;30-07-2011
44062;9;30-07-2011
44064;5;30-07-2011
44064;9;30-07-2011
44065;5;30-07-2011
44065;9;30-07-2011
44067;5;30-07-2011
44067;9;30-07-2011
44068;5;31-07-2011
44068;9;31-07-2011
44071;5;31-07-2011
44071;9;31-07-2011
44072;5;31-07-2011
44072;9;31-07-2011
44134;5;01-08-2011
44134;9;01-08-2011
44135;5;01-08-2011
44135;9;01-08-2011
44136;5;01-08-2011
44136;9;01-08-2011
44137;5;01-08-2011
44137;9;01-08-2011
44138;5;02-08-2011
44138;9;02-08-2011
44139;5;02-08-2011
44139;9;02-08-2011
44140;5;02-08-2011
44140;9;02-08-2011
44141;5;02-08-2011
44141;9;02-08-2011
44142;5;02-08-2011
44142;9;02-08-2011
44143;5;02-08-2011
44143;9;02-08-2011
44144;5;02-08-2011
44144;9;02-08-2011
44145;5;02-08-2011
44145;9;02-08-2011
44146;5;02-08-2011
44146;9;02-08-2011
44147;5;02-08-2011
44147;9;02-08-2011
44148;5;03-08-2011
44148;9;03-08-2011
44149;5;03-08-2011
44149;9;03-08-2011
44150;5;03-08-2011
44150;9;03-08-2011
44153;5;04-08-2011
44153;9;04-08-2011
44154;5;04-08-2011
44154;9;04-08-2011
44155;5;04-08-2011
44155;9;04-08-2011
44157;5;04-08-2011
44157;9;04-08-2011
44158;5;05-08-2011
44158;9;05-08-2011
44159;5;05-08-2011
44159;9;05-08-2011
44160;5;05-08-2011
44160;9;05-08-2011
44161;5;06-08-2011
44161;9;06-08-2011
44162;5;06-08-2011
44162;9;06-08-2011
44163;5;06-08-2011
44163;9;06-08-2011
44164;5;06-08-2011
44164;9;06-08-2011
44165;5;06-08-2011
44165;9;06-08-2011
44167;5;06-08-2011
44167;9;06-08-2011
44168;5;07-08-2011
44168;9;07-08-2011
44169;5;07-08-2011
44169;9;07-08-2011
44170;5;07-08-2011
44170;9;07-08-2011
44171;5;07-08-2011
44171;9;07-08-2011
44173;5;08-08-2011
44173;9;08-08-2011
44174;5;08-08-2011
44174;9;08-08-2011
44175;5;08-08-2011
44175;9;08-08-2011
44176;5;09-08-2011
44176;9;09-08-2011
44178;5;09-08-2011
44178;9;09-08-2011
44181;5;09-08-2011
44181;9;09-08-2011
44182;5;09-08-2011
44182;9;09-08-2011
44183;5;10-08-2011
44183;9;10-08-2011
44184;5;10-08-2011
44184;9;10-08-2011
44185;5;10-08-2011
44185;9;10-08-2011
44187;5;12-08-2011
44187;9;12-08-2011
44191;5;13-08-2011
44191;9;13-08-2011
44192;5;14-08-2011
44192;9;14-08-2011
44193;5;14-08-2011
44193;9;14-08-2011
44194;5;14-08-2011
44194;9;14-08-2011
44195;5;14-08-2011
44195;9;14-08-2011
44196;5;14-08-2011
44196;9;14-08-2011
44197;5;15-08-2011
44197;9;15-08-2011
44198;5;15-08-2011
44198;9;15-08-2011
44199;5;15-08-2011
44199;9;15-08-2011
44200;5;15-08-2011
44200;9;15-08-2011
44201;5;16-08-2011
44201;9;16-08-2011
44202;5;16-08-2011
44202;9;16-08-2011
44203;5;16-08-2011
44203;9;16-08-2011
44205;5;16-08-2011
44205;9;16-08-2011
44207;5;17-08-2011
44207;9;17-08-2011
44209;5;17-08-2011
44209;9;17-08-2011
44210;5;18-08-2011
44210;9;18-08-2011
44211;5;18-08-2011
44211;9;18-08-2011
44212;5;18-08-2011
44212;9;18-08-2011
44213;5;18-08-2011
44213;9;18-08-2011
44214;5;18-08-2011
44214;9;18-08-2011
44215;5;19-08-2011
44215;9;19-08-2011
44216;5;19-08-2011
44216;9;19-08-2011
44217;5;19-08-2011
44217;9;19-08-2011
44218;5;19-08-2011
44218;9;19-08-2011
44221;5;19-08-2011
44221;9;19-08-2011
44222;5;19-08-2011
44222;9;19-08-2011
44223;5;20-08-2011
44223;9;20-08-2011
44224;5;20-08-2011
44224;9;20-08-2011
44226;5;21-08-2011
44226;9;21-08-2011
44230;5;21-08-2011
44230;9;21-08-2011
44232;5;21-08-2011
44232;9;21-08-2011
44233;5;22-08-2011
44233;9;22-08-2011
44234;5;22-08-2011
44234;9;22-08-2011
44235;5;22-08-2011
44235;9;22-08-2011
44236;5;22-08-2011
44236;9;22-08-2011
44237;5;22-08-2011
44237;9;22-08-2011
44238;5;22-08-2011
44238;9;22-08-2011
44239;5;23-08-2011
44239;9;23-08-2011
44240;5;23-08-2011
44240;9;23-08-2011
44241;5;23-08-2011
44241;9;23-08-2011
44242;5;23-08-2011
44242;9;23-08-2011
44243;5;23-08-2011
44243;9;23-08-2011
44244;5;23-08-2011
44244;9;23-08-2011
44246;5;24-08-2011
44246;9;24-08-2011
44247;5;24-08-2011
44247;9;24-08-2011
44248;5;24-08-2011
44248;9;24-08-2011
44249;5;25-08-2011
44249;9;25-08-2011
44250;5;25-08-2011
44250;9;25-08-2011
44251;5;25-08-2011
44251;9;25-08-2011
44252;5;26-08-2011
44252;9;26-08-2011
44253;5;26-08-2011
44253;9;26-08-2011
44254;5;26-08-2011
44254;9;26-08-2011
44256;5;26-08-2011
44256;9;26-08-2011
44257;5;27-08-2011
44257;9;27-08-2011
44258;5;27-08-2011
44258;9;27-08-2011
44259;5;27-08-2011
44259;9;27-08-2011
44260;5;27-08-2011
44260;9;27-08-2011
44261;5;27-08-2011
44261;9;27-08-2011
44263;5;27-08-2011
44263;9;27-08-2011
44264;5;27-08-2011
44264;9;27-08-2011
44268;5;28-08-2011
44268;9;28-08-2011
44270;5;30-08-2011
44270;9;30-08-2011
44271;5;30-08-2011
44271;9;30-08-2011
44272;5;30-08-2011
44272;9;30-08-2011
44273;5;30-08-2011
44273;9;30-08-2011
44274;5;30-08-2011
44274;9;30-08-2011
44275;5;30-08-2011
44275;9;30-08-2011
44276;5;30-08-2011
44276;9;30-08-2011
44277;5;30-08-2011
44277;9;30-08-2011
44278;5;30-08-2011
44278;9;30-08-2011
44279;5;30-08-2011
44279;9;30-08-2011
44320;5;31-08-2011
44320;9;31-08-2011
44321;5;31-08-2011
44321;9;31-08-2011
44324;5;01-09-2011
44324;9;01-09-2011
44326;5;01-09-2011
44326;9;01-09-2011
44327;5;02-09-2011
44327;9;02-09-2011
44328;5;02-09-2011
44328;9;02-09-2011
44329;5;02-09-2011
44329;9;02-09-2011
44330;5;02-09-2011
44330;9;02-09-2011
44331;5;03-09-2011
44331;9;03-09-2011
44332;5;03-09-2011
44332;9;03-09-2011
44334;5;04-09-2011
44334;9;04-09-2011
44338;5;04-09-2011
44338;9;04-09-2011
44339;5;04-09-2011
44339;9;04-09-2011
44340;5;04-09-2011
44340;9;04-09-2011
44343;5;05-09-2011
44343;9;05-09-2011
44344;5;06-09-2011
44344;9;06-09-2011
44345;5;06-09-2011
44345;9;06-09-2011
44347;5;06-09-2011
44347;9;06-09-2011
44348;5;07-09-2011
44348;9;07-09-2011
44349;5;07-09-2011
44349;9;07-09-2011
44350;5;07-09-2011
44350;9;07-09-2011
44351;5;07-09-2011
44351;9;07-09-2011
44352;5;07-09-2011
44352;9;07-09-2011
44357;5;07-09-2011
44357;9;07-09-2011
44358;5;07-09-2011
44358;9;07-09-2011
44359;5;08-09-2011
44359;9;08-09-2011
44360;5;08-09-2011
44360;9;08-09-2011
44361;5;08-09-2011
44361;9;08-09-2011
44362;5;08-09-2011
44362;9;08-09-2011
44363;5;08-09-2011
44363;9;08-09-2011
44365;5;08-09-2011
44365;9;08-09-2011
44366;5;08-09-2011
44366;9;08-09-2011
44368;5;09-09-2011
44368;9;09-09-2011
44369;5;09-09-2011
44369;9;09-09-2011
44370;5;09-09-2011
44370;9;09-09-2011
44371;5;09-09-2011
44371;9;09-09-2011
44372;5;09-09-2011
44372;9;09-09-2011
44373;5;10-09-2011
44373;9;10-09-2011
44374;5;10-09-2011
44374;9;10-09-2011
44375;5;10-09-2011
44375;9;10-09-2011
44377;5;10-09-2011
44377;9;10-09-2011
44380;5;10-09-2011
44380;9;10-09-2011
44381;5;11-09-2011
44381;9;11-09-2011
44383;5;11-09-2011
44383;9;11-09-2011
44384;5;11-09-2011
44384;9;11-09-2011
44385;5;11-09-2011
44385;9;11-09-2011
44386;5;11-09-2011
44386;9;11-09-2011
44388;5;11-09-2011
44388;9;11-09-2011
44389;5;11-09-2011
44389;9;11-09-2011
44390;5;11-09-2011
44390;9;11-09-2011
44391;5;11-09-2011
44391;9;11-09-2011
44392;5;11-09-2011
44392;9;11-09-2011
44394;5;12-09-2011
44394;9;12-09-2011
44395;5;12-09-2011
44395;9;12-09-2011
44398;5;12-09-2011
44398;9;12-09-2011
44399;5;13-09-2011
44399;9;13-09-2011
44400;5;13-09-2011
44400;9;13-09-2011
44401;5;13-09-2011
44401;9;13-09-2011
44402;5;14-09-2011
44402;9;14-09-2011
44404;5;15-09-2011
44404;9;15-09-2011
44405;5;15-09-2011
44405;9;15-09-2011
44406;5;15-09-2011
44406;9;15-09-2011
44410;5;16-09-2011
44410;9;16-09-2011
44411;5;16-09-2011
44411;9;16-09-2011
44413;5;17-09-2011
44413;9;17-09-2011
44414;5;17-09-2011
44414;9;17-09-2011
44415;5;17-09-2011
44415;9;17-09-2011
44417;5;17-09-2011
44417;9;17-09-2011
44418;5;17-09-2011
44418;9;17-09-2011
44419;5;17-09-2011
44419;9;17-09-2011
44420;5;17-09-2011
44420;9;17-09-2011
44421;5;18-09-2011
44421;9;18-09-2011
44423;5;18-09-2011
44423;9;18-09-2011
44424;5;18-09-2011
44424;9;18-09-2011
44425;5;18-09-2011
44425;9;18-09-2011
44426;5;19-09-2011
44426;9;19-09-2011
44427;5;19-09-2011
44427;9;19-09-2011
44428;5;19-09-2011
44428;9;19-09-2011
44429;5;19-09-2011
44429;9;19-09-2011
44430;5;19-09-2011
44430;9;19-09-2011
44431;5;19-09-2011
44431;9;19-09-2011
44432;5;20-09-2011
44432;9;20-09-2011
44433;5;20-09-2011
44433;9;20-09-2011
44434;5;20-09-2011
44434;9;20-09-2011
44435;5;21-09-2011
44435;9;21-09-2011
44438;5;21-09-2011
44438;9;21-09-2011
44439;5;22-09-2011
44439;9;22-09-2011
44440;5;22-09-2011
44440;9;22-09-2011
44441;5;22-09-2011
44441;9;22-09-2011
44443;5;22-09-2011
44443;9;22-09-2011
44444;5;24-09-2011
44444;9;24-09-2011
44445;5;25-09-2011
44445;9;25-09-2011
44446;5;25-09-2011
44446;9;25-09-2011
44447;5;26-09-2011
44447;9;26-09-2011
44448;5;26-09-2011
44448;9;26-09-2011
44449;5;26-09-2011
44449;9;26-09-2011
44450;5;26-09-2011
44450;9;26-09-2011
44451;5;26-09-2011
44451;9;26-09-2011
44453;5;26-09-2011
44453;9;26-09-2011
44454;5;26-09-2011
44454;9;26-09-2011
44455;5;26-09-2011
44455;9;26-09-2011
44457;5;27-09-2011
44457;9;27-09-2011
44458;5;27-09-2011
44458;9;27-09-2011
44459;5;27-09-2011
44459;9;27-09-2011
44461;5;27-09-2011
44461;9;27-09-2011
44462;5;28-09-2011
44462;9;28-09-2011
44464;5;28-09-2011
44464;9;28-09-2011
44469;5;28-09-2011
44469;9;28-09-2011
44470;5;28-09-2011
44470;9;28-09-2011
44472;5;29-09-2011
44472;9;29-09-2011
44473;5;29-09-2011
44473;9;29-09-2011
44476;5;29-09-2011
44476;9;29-09-2011
44477;5;29-09-2011
44477;9;29-09-2011
44478;5;29-09-2011
44478;9;29-09-2011
44572;5;01-10-2011
44572;9;01-10-2011
44576;5;01-10-2011
44576;9;01-10-2011
44577;5;02-10-2011
44577;9;02-10-2011
44578;5;02-10-2011
44578;9;02-10-2011
44579;5;02-10-2011
44579;9;02-10-2011
44580;5;03-10-2011
44580;9;03-10-2011
44583;5;03-10-2011
44583;9;03-10-2011
44584;5;04-10-2011
44584;9;04-10-2011
44585;5;04-10-2011
44585;9;04-10-2011
44586;5;04-10-2011
44586;9;04-10-2011
44587;5;04-10-2011
44587;9;04-10-2011
44590;5;05-10-2011
44590;9;05-10-2011
44592;5;05-10-2011
44592;9;05-10-2011
44593;5;05-10-2011
44593;9;05-10-2011
44594;5;05-10-2011
44594;9;05-10-2011
44596;5;05-10-2011
44596;9;05-10-2011
44597;5;06-10-2011
44597;9;06-10-2011
44599;5;06-10-2011
44599;9;06-10-2011
44600;5;06-10-2011
44600;9;06-10-2011
44602;5;07-10-2011
44602;9;07-10-2011
44605;5;07-10-2011
44605;9;07-10-2011
44606;5;07-10-2011
44606;9;07-10-2011
44607;5;07-10-2011
44607;9;07-10-2011
44608;5;07-10-2011
44608;9;07-10-2011
44609;5;07-10-2011
44609;9;07-10-2011
44610;5;07-10-2011
44610;9;07-10-2011
44611;5;08-10-2011
44611;9;08-10-2011
44612;5;08-10-2011
44612;9;08-10-2011
44613;5;08-10-2011
44613;9;08-10-2011
44614;5;08-10-2011
44614;9;08-10-2011
44615;5;08-10-2011
44615;9;08-10-2011
44616;5;08-10-2011
44616;9;08-10-2011
44617;5;08-10-2011
44617;9;08-10-2011
44618;5;08-10-2011
44618;9;08-10-2011
44619;5;09-10-2011
44619;9;09-10-2011
44620;5;09-10-2011
44620;9;09-10-2011
44621;5;09-10-2011
44621;9;09-10-2011
44622;5;09-10-2011
44622;9;09-10-2011
44623;5;10-10-2011
44623;9;10-10-2011
44625;5;10-10-2011
44625;9;10-10-2011
44626;5;10-10-2011
44626;9;10-10-2011
44629;5;10-10-2011
44629;9;10-10-2011
44630;5;11-10-2011
44630;9;11-10-2011
44631;5;11-10-2011
44631;9;11-10-2011
44632;5;11-10-2011
44632;9;11-10-2011
44633;5;11-10-2011
44633;9;11-10-2011
44634;5;11-10-2011
44634;9;11-10-2011
44635;5;11-10-2011
44635;9;11-10-2011
44636;5;12-10-2011
44636;9;12-10-2011
44637;5;12-10-2011
44637;9;12-10-2011
44638;5;12-10-2011
44638;9;12-10-2011
44640;5;12-10-2011
44640;9;12-10-2011
44641;5;12-10-2011
44641;9;12-10-2011
44643;5;13-10-2011
44643;9;13-10-2011
44644;5;13-10-2011
44644;9;13-10-2011
44647;5;13-10-2011
44647;9;13-10-2011
44651;5;14-10-2011
44651;9;14-10-2011
44654;5;14-10-2011
44654;9;14-10-2011
44656;5;14-10-2011
44656;9;14-10-2011
44658;5;14-10-2011
44658;9;14-10-2011
44659;5;14-10-2011
44659;9;14-10-2011
44660;5;15-10-2011
44660;9;15-10-2011
44663;5;15-10-2011
44663;9;15-10-2011
44664;5;15-10-2011
44664;9;15-10-2011
44666;5;16-10-2011
44666;9;16-10-2011
44667;5;16-10-2011
44667;9;16-10-2011
44668;5;16-10-2011
44668;9;16-10-2011
44670;5;16-10-2011
44670;9;16-10-2011
44671;5;16-10-2011
44671;9;16-10-2011
44672;5;16-10-2011
44672;9;16-10-2011
44673;5;17-10-2011
44673;9;17-10-2011
44674;5;17-10-2011
44674;9;17-10-2011
44676;5;17-10-2011
44676;9;17-10-2011
44677;5;18-10-2011
44677;9;18-10-2011
44678;5;18-10-2011
44678;9;18-10-2011
44680;5;19-10-2011
44680;9;19-10-2011
44682;5;19-10-2011
44682;9;19-10-2011
44683;5;19-10-2011
44683;9;19-10-2011
44684;5;19-10-2011
44684;9;19-10-2011
44685;5;19-10-2011
44685;9;19-10-2011
44686;5;20-10-2011
44686;9;20-10-2011
44688;5;20-10-2011
44688;9;20-10-2011
44689;5;20-10-2011
44689;9;20-10-2011
44692;5;21-10-2011
44692;9;21-10-2011
44693;5;21-10-2011
44693;9;21-10-2011
44694;5;21-10-2011
44694;9;21-10-2011
44696;5;21-10-2011
44696;9;21-10-2011
44697;5;22-10-2011
44697;9;22-10-2011
44699;5;23-10-2011
44699;9;23-10-2011
44700;5;23-10-2011
44700;9;23-10-2011
44702;5;23-10-2011
44702;9;23-10-2011
44703;5;24-10-2011
44703;9;24-10-2011
44705;5;24-10-2011
44705;9;24-10-2011
44706;5;24-10-2011
44706;9;24-10-2011
44707;5;24-10-2011
44707;9;24-10-2011
44709;5;24-10-2011
44709;9;24-10-2011
44710;5;25-10-2011
44710;9;25-10-2011
44711;5;25-10-2011
44711;9;25-10-2011
44713;5;26-10-2011
44713;9;26-10-2011
44714;5;26-10-2011
44714;9;26-10-2011
44715;5;26-10-2011
44715;9;26-10-2011
44716;5;26-10-2011
44716;9;26-10-2011
44718;5;26-10-2011
44718;9;26-10-2011
44719;5;27-10-2011
44719;9;27-10-2011
44720;5;27-10-2011
44720;9;27-10-2011
44722;5;28-10-2011
44722;9;28-10-2011
44724;5;28-10-2011
44724;9;28-10-2011
44727;5;28-10-2011
44727;9;28-10-2011
44729;5;29-10-2011
44729;9;29-10-2011
44730;5;29-10-2011
44730;9;29-10-2011
44731;5;29-10-2011
44731;9;29-10-2011
44732;5;29-10-2011
44732;9;29-10-2011
44733;5;29-10-2011
44733;9;29-10-2011
44734;5;30-10-2011
44734;9;30-10-2011
44735;5;30-10-2011
44735;9;30-10-2011
44737;5;30-10-2011
44737;9;30-10-2011
44738;5;30-10-2011
44738;9;30-10-2011
44739;5;30-10-2011
44739;9;30-10-2011
44803;5;31-10-2011
44803;9;31-10-2011
44804;5;31-10-2011
44804;9;31-10-2011
44805;5;31-10-2011
44805;9;31-10-2011
44806;5;31-10-2011
44806;9;31-10-2011
44808;5;01-11-2011
44808;9;01-11-2011
44810;5;01-11-2011
44810;9;01-11-2011
44811;5;01-11-2011
44811;9;01-11-2011
44812;5;01-11-2011
44812;9;01-11-2011
44813;5;01-11-2011
44813;9;01-11-2011
44814;5;01-11-2011
44814;9;01-11-2011
44816;5;02-11-2011
44816;9;02-11-2011
44817;5;02-11-2011
44817;9;02-11-2011
44818;5;02-11-2011
44818;9;02-11-2011
44819;5;02-11-2011
44819;9;02-11-2011
44822;5;02-11-2011
44822;9;02-11-2011
44823;5;02-11-2011
44823;9;02-11-2011
44824;5;02-11-2011
44824;9;02-11-2011
44825;5;02-11-2011
44825;9;02-11-2011
44826;5;03-11-2011
44826;9;03-11-2011
44828;5;03-11-2011
44828;9;03-11-2011
44830;5;03-11-2011
44830;9;03-11-2011
44832;5;04-11-2011
44832;9;04-11-2011
44833;5;04-11-2011
44833;9;04-11-2011
44835;5;04-11-2011
44835;9;04-11-2011
44836;5;04-11-2011
44836;9;04-11-2011
44837;5;05-11-2011
44837;9;05-11-2011
44838;5;05-11-2011
44838;9;05-11-2011
44839;5;05-11-2011
44839;9;05-11-2011
44840;5;05-11-2011
44840;9;05-11-2011
44841;5;05-11-2011
44841;9;05-11-2011
44842;5;06-11-2011
44842;9;06-11-2011
44843;5;06-11-2011
44843;9;06-11-2011
44844;5;06-11-2011
44844;9;06-11-2011
44845;5;06-11-2011
44845;9;06-11-2011
44846;5;06-11-2011
44846;9;06-11-2011
44851;5;07-11-2011
44851;9;07-11-2011
44852;5;07-11-2011
44852;9;07-11-2011
44854;5;07-11-2011
44854;9;07-11-2011
44857;5;07-11-2011
44857;9;07-11-2011
44858;5;07-11-2011
44858;9;07-11-2011
44859;5;07-11-2011
44859;9;07-11-2011
44860;5;07-11-2011
44860;9;07-11-2011
44861;5;07-11-2011
44861;9;07-11-2011
44862;5;07-11-2011
44862;9;07-11-2011
44863;5;07-11-2011
44863;9;07-11-2011
44867;5;08-11-2011
44867;9;08-11-2011
44868;5;08-11-2011
44868;9;08-11-2011
44869;5;08-11-2011
44869;9;08-11-2011
44870;5;08-11-2011
44870;9;08-11-2011
44872;5;09-11-2011
44872;9;09-11-2011
44873;5;09-11-2011
44873;9;09-11-2011
44875;5;10-11-2011
44875;9;10-11-2011
44876;5;10-11-2011
44876;9;10-11-2011
44877;5;10-11-2011
44877;9;10-11-2011
44878;5;10-11-2011
44878;9;10-11-2011
44879;5;10-11-2011
44879;9;10-11-2011
44880;5;10-11-2011
44880;9;10-11-2011
44881;5;10-11-2011
44881;9;10-11-2011
44882;5;10-11-2011
44882;9;10-11-2011
44883;5;10-11-2011
44883;9;10-11-2011
44884;5;10-11-2011
44884;9;10-11-2011
44885;5;11-11-2011
44885;9;11-11-2011
44886;5;11-11-2011
44886;9;11-11-2011
44887;5;11-11-2011
44887;9;11-11-2011
44888;5;11-11-2011
44888;9;11-11-2011
44891;5;12-11-2011
44891;9;12-11-2011
44892;5;12-11-2011
44892;9;12-11-2011
44893;5;12-11-2011
44893;9;12-11-2011
44897;5;12-11-2011
44897;9;12-11-2011
44898;5;12-11-2011
44898;9;12-11-2011
44900;5;13-11-2011
44900;9;13-11-2011
44901;5;13-11-2011
44901;9;13-11-2011
44902;5;13-11-2011
44902;9;13-11-2011
44903;5;13-11-2011
44903;9;13-11-2011
44905;5;14-11-2011
44905;9;14-11-2011
44906;5;14-11-2011
44906;9;14-11-2011
44908;5;14-11-2011
44908;9;14-11-2011
44909;5;14-11-2011
44909;9;14-11-2011
44912;5;14-11-2011
44912;9;14-11-2011
44913;5;14-11-2011
44913;9;14-11-2011
44914;5;14-11-2011
44914;9;14-11-2011
44915;5;14-11-2011
44915;9;14-11-2011
44916;5;14-11-2011
44916;9;14-11-2011
44917;5;15-11-2011
44917;9;15-11-2011
44919;5;15-11-2011
44919;9;15-11-2011
44921;5;15-11-2011
44921;9;15-11-2011
44922;5;15-11-2011
44922;9;15-11-2011
44923;5;15-11-2011
44923;9;15-11-2011
44924;5;16-11-2011
44924;9;16-11-2011
44925;5;16-11-2011
44925;9;16-11-2011
44928;5;17-11-2011
44928;9;17-11-2011
44929;5;17-11-2011
44929;9;17-11-2011
44930;5;17-11-2011
44930;9;17-11-2011
44931;5;17-11-2011
44931;9;17-11-2011
44932;5;17-11-2011
44932;9;17-11-2011
44933;5;17-11-2011
44933;9;17-11-2011
44934;5;18-11-2011
44934;9;18-11-2011
44935;5;18-11-2011
44935;9;18-11-2011
44936;5;18-11-2011
44936;9;18-11-2011
44937;5;18-11-2011
44937;9;18-11-2011
44938;5;18-11-2011
44938;9;18-11-2011
44939;5;18-11-2011
44939;9;18-11-2011
44940;5;18-11-2011
44940;9;18-11-2011
44941;5;18-11-2011
44941;9;18-11-2011
44942;5;18-11-2011
44942;9;18-11-2011
44948;5;19-11-2011
44948;9;19-11-2011
44950;5;19-11-2011
44950;9;19-11-2011
44951;5;19-11-2011
44951;9;19-11-2011
44953;5;19-11-2011
44953;9;19-11-2011
44954;5;19-11-2011
44954;9;19-11-2011
44957;5;20-11-2011
44957;9;20-11-2011
44959;5;20-11-2011
44959;9;20-11-2011
44960;5;20-11-2011
44960;9;20-11-2011
44961;5;20-11-2011
44961;9;20-11-2011
44962;5;20-11-2011
44962;9;20-11-2011
44966;5;20-11-2011
44966;9;20-11-2011
44967;5;21-11-2011
44967;9;21-11-2011
44969;5;21-11-2011
44969;9;21-11-2011
44970;5;21-11-2011
44970;9;21-11-2011
44971;5;21-11-2011
44971;9;21-11-2011
44972;5;21-11-2011
44972;9;21-11-2011
44973;5;21-11-2011
44973;9;21-11-2011
44974;5;22-11-2011
44974;9;22-11-2011
44975;5;22-11-2011
44975;9;22-11-2011
44976;5;22-11-2011
44976;9;22-11-2011
44977;5;22-11-2011
44977;9;22-11-2011
44979;5;22-11-2011
44979;9;22-11-2011
44980;5;22-11-2011
44980;9;22-11-2011
44981;5;22-11-2011
44981;9;22-11-2011
44982;5;23-11-2011
44982;9;23-11-2011
44983;5;23-11-2011
44983;9;23-11-2011
44984;5;23-11-2011
44984;9;23-11-2011
44985;5;23-11-2011
44985;9;23-11-2011
44987;5;24-11-2011
44987;9;24-11-2011
44989;5;24-11-2011
44989;9;24-11-2011
44991;5;24-11-2011
44991;9;24-11-2011
44992;5;24-11-2011
44992;9;24-11-2011
44994;5;25-11-2011
44994;9;25-11-2011
44995;5;25-11-2011
44995;9;25-11-2011
44997;5;25-11-2011
44997;9;25-11-2011
44999;5;25-11-2011
44999;9;25-11-2011
45000;5;25-11-2011
45000;9;25-11-2011
45001;5;25-11-2011
45001;9;25-11-2011
45002;5;26-11-2011
45002;9;26-11-2011
45003;5;26-11-2011
45003;9;26-11-2011
45004;5;26-11-2011
45004;9;26-11-2011
45005;5;26-11-2011
45005;9;26-11-2011
45006;5;27-11-2011
45006;9;27-11-2011
45007;5;27-11-2011
45007;9;27-11-2011
45008;5;27-11-2011
45008;9;27-11-2011
45010;5;27-11-2011
45010;9;27-11-2011
45011;5;27-11-2011
45011;9;27-11-2011
45013;5;27-11-2011
45013;9;27-11-2011
45016;5;28-11-2011
45016;9;28-11-2011
45017;5;28-11-2011
45017;9;28-11-2011
45018;5;28-11-2011
45018;9;28-11-2011
45019;5;28-11-2011
45019;9;28-11-2011
45020;5;28-11-2011
45020;9;28-11-2011
45023;5;28-11-2011
45023;9;28-11-2011
45025;5;29-11-2011
45025;9;29-11-2011
45027;5;29-11-2011
45027;9;29-11-2011
45028;5;29-11-2011
45028;9;29-11-2011
45029;5;29-11-2011
45029;9;29-11-2011
45031;5;30-11-2011
45031;9;30-11-2011
45032;5;30-11-2011
45032;9;30-11-2011
45033;5;30-11-2011
45033;9;30-11-2011
45034;5;30-11-2011
45034;9;30-11-2011
45035;5;30-11-2011
45035;9;30-11-2011
45036;5;30-11-2011
45036;9;30-11-2011
45078;5;01-12-2011
45078;9;01-12-2011
45079;5;01-12-2011
45079;9;01-12-2011
45083;5;02-12-2011
45083;9;02-12-2011
45084;5;02-12-2011
45084;9;02-12-2011
45085;5;02-12-2011
45085;9;02-12-2011
45086;5;02-12-2011
45086;9;02-12-2011
45090;5;03-12-2011
45090;9;03-12-2011
45091;5;03-12-2011
45091;9;03-12-2011
45092;5;03-12-2011
45092;9;03-12-2011
45093;5;03-12-2011
45093;9;03-12-2011
45094;5;03-12-2011
45094;9;03-12-2011
45096;5;04-12-2011
45096;9;04-12-2011
45097;5;04-12-2011
45097;9;04-12-2011
45098;5;04-12-2011
45098;9;04-12-2011
45099;5;04-12-2011
45099;9;04-12-2011
45101;5;05-12-2011
45101;9;05-12-2011
45102;5;05-12-2011
45102;9;05-12-2011
45103;5;06-12-2011
45103;9;06-12-2011
45104;5;06-12-2011
45104;9;06-12-2011
45105;5;06-12-2011
45105;9;06-12-2011
45107;5;06-12-2011
45107;9;06-12-2011
45108;5;06-12-2011
45108;9;06-12-2011
45109;5;07-12-2011
45109;9;07-12-2011
45110;5;07-12-2011
45110;9;07-12-2011
45113;5;08-12-2011
45113;9;08-12-2011
45114;5;08-12-2011
45114;9;08-12-2011
45116;5;08-12-2011
45116;9;08-12-2011
45118;5;08-12-2011
45118;9;08-12-2011
45119;5;08-12-2011
45119;9;08-12-2011
45121;5;09-12-2011
45121;9;09-12-2011
45122;5;09-12-2011
45122;9;09-12-2011
45123;5;09-12-2011
45123;9;09-12-2011
45124;5;09-12-2011
45124;9;09-12-2011
45125;5;09-12-2011
45125;9;09-12-2011
45126;5;10-12-2011
45126;9;10-12-2011
45127;5;10-12-2011
45127;9;10-12-2011
45128;5;10-12-2011
45128;9;10-12-2011
45130;5;11-12-2011
45130;9;11-12-2011
45133;5;11-12-2011
45133;9;11-12-2011
45134;5;11-12-2011
45134;9;11-12-2011
45135;5;11-12-2011
45135;9;11-12-2011
45136;5;11-12-2011
45136;9;11-12-2011
45137;5;11-12-2011
45137;9;11-12-2011
45139;5;12-12-2011
45139;9;12-12-2011
45140;5;12-12-2011
45140;9;12-12-2011
45141;5;12-12-2011
45141;9;12-12-2011
45142;5;12-12-2011
45142;9;12-12-2011
45143;5;12-12-2011
45143;9;12-12-2011
45144;5;12-12-2011
45144;9;12-12-2011
45145;5;12-12-2011
45145;9;12-12-2011
45146;5;13-12-2011
45146;9;13-12-2011
45147;5;13-12-2011
45147;9;13-12-2011
45149;5;14-12-2011
45149;9;14-12-2011
45151;5;14-12-2011
45151;9;14-12-2011
45152;5;14-12-2011
45152;9;14-12-2011
45153;5;14-12-2011
45153;9;14-12-2011
45154;5;14-12-2011
45154;9;14-12-2011
45155;5;14-12-2011
45155;9;14-12-2011
45160;5;15-12-2011
45160;9;15-12-2011
45162;5;15-12-2011
45162;9;15-12-2011
45165;5;16-12-2011
45165;9;16-12-2011
45166;5;16-12-2011
45166;9;16-12-2011
45167;5;16-12-2011
45167;9;16-12-2011
45168;5;16-12-2011
45168;9;16-12-2011
45169;5;16-12-2011
45169;9;16-12-2011
45173;5;17-12-2011
45173;9;17-12-2011
45174;5;17-12-2011
45174;9;17-12-2011
45175;5;17-12-2011
45175;9;17-12-2011
45176;5;17-12-2011
45176;9;17-12-2011
45177;5;17-12-2011
45177;9;17-12-2011
45180;5;18-12-2011
45180;9;18-12-2011
45181;5;18-12-2011
45181;9;18-12-2011
45182;5;18-12-2011
45182;9;18-12-2011
45185;5;18-12-2011
45185;9;18-12-2011
45186;5;19-12-2011
45186;9;19-12-2011
45187;5;19-12-2011
45187;9;19-12-2011
45188;5;19-12-2011
45188;9;19-12-2011
45189;5;19-12-2011
45189;9;19-12-2011
45190;5;19-12-2011
45190;9;19-12-2011
45192;5;20-12-2011
45192;9;20-12-2011
45193;5;20-12-2011
45193;9;20-12-2011
45194;5;20-12-2011
45194;9;20-12-2011
45195;5;20-12-2011
45195;9;20-12-2011
45196;5;20-12-2011
45196;9;20-12-2011
45197;5;20-12-2011
45197;9;20-12-2011
45198;5;21-12-2011
45198;9;21-12-2011
45200;5;21-12-2011
45200;9;21-12-2011
45201;5;21-12-2011
45201;9;21-12-2011
45202;5;21-12-2011
45202;9;21-12-2011
45203;5;21-12-2011
45203;9;21-12-2011
45206;5;22-12-2011
45206;9;22-12-2011
45207;5;22-12-2011
45207;9;22-12-2011
45209;5;22-12-2011
45209;9;22-12-2011
45210;5;22-12-2011
45210;9;22-12-2011
45211;5;22-12-2011
45211;9;22-12-2011
45212;5;22-12-2011
45212;9;22-12-2011
45214;5;23-12-2011
45214;9;23-12-2011
45215;5;23-12-2011
45215;9;23-12-2011
45216;5;23-12-2011
45216;9;23-12-2011
45217;5;24-12-2011
45217;9;24-12-2011
45219;5;24-12-2011
45219;9;24-12-2011
45220;5;24-12-2011
45220;9;24-12-2011
45221;5;24-12-2011
45221;9;24-12-2011
45223;5;24-12-2011
45223;9;24-12-2011
45224;5;24-12-2011
45224;9;24-12-2011
45228;5;25-12-2011
45228;9;25-12-2011
45230;5;26-12-2011
45230;9;26-12-2011
45231;5;26-12-2011
45231;9;26-12-2011
45232;5;26-12-2011
45232;9;26-12-2011
45235;5;27-12-2011
45235;9;27-12-2011
45236;5;27-12-2011
45236;9;27-12-2011
45237;5;27-12-2011
45237;9;27-12-2011
45240;5;28-12-2011
45240;9;28-12-2011
45241;5;28-12-2011
45241;9;28-12-2011
45242;5;28-12-2011
45242;9;28-12-2011
45245;5;29-12-2011
45245;9;29-12-2011
45246;5;29-12-2011
45246;9;29-12-2011
45249;5;30-12-2011
45249;9;30-12-2011
45250;5;30-12-2011
45250;9;30-12-2011
45252;5;30-12-2011
45252;9;30-12-2011
45253;5;30-12-2011
45253;9;30-12-2011
45254;5;30-12-2011
45254;9;30-12-2011
45255;5;30-12-2011
45255;9;30-12-2011
45257;5;30-12-2011
45257;9;30-12-2011
45259;5;31-12-2011
45259;9;31-12-2011
45260;5;31-12-2011
45260;9;31-12-2011
45261;5;31-12-2011
45261;9;31-12-2011
45262;5;31-12-2011
45262;9;31-12-2011
45345;5;01-01-2012
45345;9;01-01-2012
45346;5;01-01-2012
45346;9;01-01-2012
45348;5;01-01-2012
45348;9;01-01-2012
45349;5;01-01-2012
45349;9;01-01-2012
45350;5;01-01-2012
45350;9;01-01-2012
45351;5;02-01-2012
45351;9;02-01-2012
45352;5;02-01-2012
45352;9;02-01-2012
45353;5;02-01-2012
45353;9;02-01-2012
45355;5;02-01-2012
45355;9;02-01-2012
45356;5;02-01-2012
45356;9;02-01-2012
45358;5;03-01-2012
45358;9;03-01-2012
45359;5;03-01-2012
45359;9;03-01-2012
45360;5;03-01-2012
45360;9;03-01-2012
45361;5;03-01-2012
45361;9;03-01-2012
45362;5;03-01-2012
45362;9;03-01-2012
45363;5;03-01-2012
45363;9;03-01-2012
45364;5;04-01-2012
45364;9;04-01-2012
45365;5;04-01-2012
45365;9;04-01-2012
45369;5;04-01-2012
45369;9;04-01-2012
45370;5;04-01-2012
45370;9;04-01-2012
45371;5;05-01-2012
45371;9;05-01-2012
45374;5;05-01-2012
45374;9;05-01-2012
45375;5;05-01-2012
45375;9;05-01-2012
45377;5;06-01-2012
45377;9;06-01-2012
45378;5;06-01-2012
45378;9;06-01-2012
45379;5;06-01-2012
45379;9;06-01-2012
45382;5;06-01-2012
45382;9;06-01-2012
45386;5;06-01-2012
45386;9;06-01-2012
45387;5;07-01-2012
45387;9;07-01-2012
45389;5;07-01-2012
45389;9;07-01-2012
45390;5;07-01-2012
45390;9;07-01-2012
45391;5;07-01-2012
45391;9;07-01-2012
45393;5;08-01-2012
45393;9;08-01-2012
45395;5;08-01-2012
45395;9;08-01-2012
45396;5;08-01-2012
45396;9;08-01-2012
45397;5;09-01-2012
45397;9;09-01-2012
45398;5;09-01-2012
45398;9;09-01-2012
45399;5;09-01-2012
45399;9;09-01-2012
45400;5;10-01-2012
45400;9;10-01-2012
45401;5;10-01-2012
45401;9;10-01-2012
45403;5;10-01-2012
45403;9;10-01-2012
45404;5;10-01-2012
45404;9;10-01-2012
45405;5;10-01-2012
45405;9;10-01-2012
45407;5;10-01-2012
45407;9;10-01-2012
45408;5;10-01-2012
45408;9;10-01-2012
45409;5;10-01-2012
45409;9;10-01-2012
45410;5;11-01-2012
45410;9;11-01-2012
45411;5;11-01-2012
45411;9;11-01-2012
45412;5;11-01-2012
45412;9;11-01-2012
45413;5;11-01-2012
45413;9;11-01-2012
45415;5;11-01-2012
45415;9;11-01-2012
45416;5;11-01-2012
45416;9;11-01-2012
45417;5;11-01-2012
45417;9;11-01-2012
45418;5;11-01-2012
45418;9;11-01-2012
45419;5;11-01-2012
45419;9;11-01-2012
45420;5;11-01-2012
45420;9;11-01-2012
45421;5;11-01-2012
45421;9;11-01-2012
45422;5;12-01-2012
45422;9;12-01-2012
45424;5;12-01-2012
45424;9;12-01-2012
45425;5;13-01-2012
45425;9;13-01-2012
45426;5;13-01-2012
45426;9;13-01-2012
45429;5;13-01-2012
45429;9;13-01-2012
45430;5;13-01-2012
45430;9;13-01-2012
45431;5;13-01-2012
45431;9;13-01-2012
45432;5;14-01-2012
45432;9;14-01-2012
45433;5;14-01-2012
45433;9;14-01-2012
45434;5;14-01-2012
45434;9;14-01-2012
45436;5;14-01-2012
45436;9;14-01-2012
45437;5;14-01-2012
45437;9;14-01-2012
45438;5;14-01-2012
45438;9;14-01-2012
45440;5;15-01-2012
45440;9;15-01-2012
45441;5;15-01-2012
45441;9;15-01-2012
45442;5;15-01-2012
45442;9;15-01-2012
45443;5;15-01-2012
45443;9;15-01-2012
45444;5;15-01-2012
45444;9;15-01-2012
45445;5;15-01-2012
45445;9;15-01-2012
45447;5;16-01-2012
45447;9;16-01-2012
45449;5;17-01-2012
45449;9;17-01-2012
45450;5;17-01-2012
45450;9;17-01-2012
45451;5;17-01-2012
45451;9;17-01-2012
45452;5;17-01-2012
45452;9;17-01-2012
45453;5;18-01-2012
45453;9;18-01-2012
45454;5;18-01-2012
45454;9;18-01-2012
45455;5;19-01-2012
45455;9;19-01-2012
45456;5;19-01-2012
45456;9;19-01-2012
45457;5;19-01-2012
45457;9;19-01-2012
45458;5;19-01-2012
45458;9;19-01-2012
45459;5;19-01-2012
45459;9;19-01-2012
45461;5;20-01-2012
45461;9;20-01-2012
45462;5;20-01-2012
45462;9;20-01-2012
45463;5;20-01-2012
45463;9;20-01-2012
45464;5;20-01-2012
45464;9;20-01-2012
45466;5;21-01-2012
45466;9;21-01-2012
45468;5;22-01-2012
45468;9;22-01-2012
45470;5;22-01-2012
45470;9;22-01-2012
45471;5;22-01-2012
45471;9;22-01-2012
45472;5;22-01-2012
45472;9;22-01-2012
45473;5;22-01-2012
45473;9;22-01-2012
45474;5;22-01-2012
45474;9;22-01-2012
45475;5;22-01-2012
45475;9;22-01-2012
45476;5;22-01-2012
45476;9;22-01-2012
45477;5;23-01-2012
45477;9;23-01-2012
45478;5;23-01-2012
45478;9;23-01-2012
45479;5;23-01-2012
45479;9;23-01-2012
45480;5;23-01-2012
45480;9;23-01-2012
45481;5;23-01-2012
45481;9;23-01-2012
45482;5;24-01-2012
45482;9;24-01-2012
45483;5;24-01-2012
45483;9;24-01-2012
45484;5;24-01-2012
45484;9;24-01-2012
45485;5;24-01-2012
45485;9;24-01-2012
45487;5;24-01-2012
45487;9;24-01-2012
45488;5;24-01-2012
45488;9;24-01-2012
45489;5;24-01-2012
45489;9;24-01-2012
45490;5;24-01-2012
45490;9;24-01-2012
45491;5;25-01-2012
45491;9;25-01-2012
45494;5;25-01-2012
45494;9;25-01-2012
45496;5;26-01-2012
45496;9;26-01-2012
45497;5;26-01-2012
45497;9;26-01-2012
45498;5;26-01-2012
45498;9;26-01-2012
45499;5;26-01-2012
45499;9;26-01-2012
45500;5;26-01-2012
45500;9;26-01-2012
45502;5;26-01-2012
45502;9;26-01-2012
45503;5;26-01-2012
45503;9;26-01-2012
45505;5;26-01-2012
45505;9;26-01-2012
45506;5;26-01-2012
45506;9;26-01-2012
45507;5;26-01-2012
45507;9;26-01-2012
45508;5;27-01-2012
45508;9;27-01-2012
45509;5;27-01-2012
45509;9;27-01-2012
45510;5;27-01-2012
45510;9;27-01-2012
45511;5;28-01-2012
45511;9;28-01-2012
45512;5;28-01-2012
45512;9;28-01-2012
45514;5;28-01-2012
45514;9;28-01-2012
45515;5;28-01-2012
45515;9;28-01-2012
45580;5;29-01-2012
45580;9;29-01-2012
45581;5;29-01-2012
45581;9;29-01-2012
45582;5;29-01-2012
45582;9;29-01-2012
45583;5;29-01-2012
45583;9;29-01-2012
45586;5;30-01-2012
45586;9;30-01-2012
45587;5;30-01-2012
45587;9;30-01-2012
45588;5;30-01-2012
45588;9;30-01-2012
45589;5;30-01-2012
45589;9;30-01-2012
45590;5;30-01-2012
45590;9;30-01-2012
45593;5;31-01-2012
45593;9;31-01-2012
45594;5;31-01-2012
45594;9;31-01-2012
45595;5;31-01-2012
45595;9;31-01-2012
